bail_year,bail_amount,bail_paid,monetary_bail,total_cases,monetary_bail_perct
2020,1570911792.0,34262565.0,11807,24225,0.4873890608875129
2021,536917347.0,2626990.0,3261,6017,0.5419644341033738
